scenario_id,sampling_mode,partition,seed_index,seed,composition_regime
S1-A,unique,train,,5600000,fixed
S1-A,unique,validation,,5602000,fixed
S1-A,unique,test,0,6657375,nominal
S1-A,unique,test,1,6657376,nominal
S1-A,unique,test,2,6657377,nominal
S1-A,unique,test,3,6657378,nominal
S1-A,unique,test,4,6657379,nominal
S1-A,unique,test,5,6657380,nominal
S1-A,unique,test,6,6657381,nominal
S1-A,unique,test,7,6657382,nominal
S1-A,unique,test,8,6657383,nominal
S1-A,unique,test,9,6657384,nominal
S1-A,unique,test,10,6657385,dominant_plus_15pp
S1-A,unique,test,11,6657386,dominant_plus_15pp
S1-A,unique,test,12,6657387,dominant_plus_15pp
S1-A,unique,test,13,6657388,dominant_plus_15pp
S1-A,unique,test,14,6657389,dominant_plus_15pp
S1-A,unique,test,15,6657390,dominant_plus_15pp
S1-A,unique,test,16,6657391,dominant_plus_15pp
S1-A,unique,test,17,6657392,dominant_plus_15pp
S1-A,unique,test,18,6657393,dominant_plus_15pp
S1-A,unique,test,19,6657394,dominant_plus_15pp
S1-A,unique,test,20,6657395,dominant_minus_15pp
S1-A,unique,test,21,6657396,dominant_minus_15pp
S1-A,unique,test,22,6657397,dominant_minus_15pp
S1-A,unique,test,23,6657398,dominant_minus_15pp
S1-A,unique,test,24,6657399,dominant_minus_15pp
S1-A,unique,test,25,6657400,dominant_minus_15pp
S1-A,unique,test,26,6657401,dominant_minus_15pp
S1-A,unique,test,27,6657402,dominant_minus_15pp
S1-A,unique,test,28,6657403,dominant_minus_15pp
S1-A,unique,test,29,6657404,dominant_minus_15pp
S1-A,non_unique,train,,3600000,fixed
S1-A,non_unique,validation,,3602000,fixed
S1-A,non_unique,test,0,4657375,nominal
S1-A,non_unique,test,1,4657376,nominal
S1-A,non_unique,test,2,4657377,nominal
S1-A,non_unique,test,3,4657378,nominal
S1-A,non_unique,test,4,4657379,nominal
S1-A,non_unique,test,5,4657380,nominal
S1-A,non_unique,test,6,4657381,nominal
S1-A,non_unique,test,7,4657382,nominal
S1-A,non_unique,test,8,4657383,nominal
S1-A,non_unique,test,9,4657384,nominal
S1-A,non_unique,test,10,4657385,dominant_plus_15pp
S1-A,non_unique,test,11,4657386,dominant_plus_15pp
S1-A,non_unique,test,12,4657387,dominant_plus_15pp
S1-A,non_unique,test,13,4657388,dominant_plus_15pp
S1-A,non_unique,test,14,4657389,dominant_plus_15pp
S1-A,non_unique,test,15,4657390,dominant_plus_15pp
S1-A,non_unique,test,16,4657391,dominant_plus_15pp
S1-A,non_unique,test,17,4657392,dominant_plus_15pp
S1-A,non_unique,test,18,4657393,dominant_plus_15pp
S1-A,non_unique,test,19,4657394,dominant_plus_15pp
S1-A,non_unique,test,20,4657395,dominant_minus_15pp
S1-A,non_unique,test,21,4657396,dominant_minus_15pp
S1-A,non_unique,test,22,4657397,dominant_minus_15pp
S1-A,non_unique,test,23,4657398,dominant_minus_15pp
S1-A,non_unique,test,24,4657399,dominant_minus_15pp
S1-A,non_unique,test,25,4657400,dominant_minus_15pp
S1-A,non_unique,test,26,4657401,dominant_minus_15pp
S1-A,non_unique,test,27,4657402,dominant_minus_15pp
S1-A,non_unique,test,28,4657403,dominant_minus_15pp
S1-A,non_unique,test,29,4657404,dominant_minus_15pp
S1-B,unique,train,,5610000,fixed
S1-B,unique,validation,,5612000,fixed
S1-B,unique,test,0,6692405,nominal
S1-B,unique,test,1,6692406,nominal
S1-B,unique,test,2,6692407,nominal
S1-B,unique,test,3,6692408,nominal
S1-B,unique,test,4,6692409,nominal
S1-B,unique,test,5,6692410,nominal
S1-B,unique,test,6,6692411,nominal
S1-B,unique,test,7,6692412,nominal
S1-B,unique,test,8,6692413,nominal
S1-B,unique,test,9,6692414,nominal
S1-B,unique,test,10,6692415,dominant_plus_15pp
S1-B,unique,test,11,6692416,dominant_plus_15pp
S1-B,unique,test,12,6692417,dominant_plus_15pp
S1-B,unique,test,13,6692418,dominant_plus_15pp
S1-B,unique,test,14,6692419,dominant_plus_15pp
S1-B,unique,test,15,6692420,dominant_plus_15pp
S1-B,unique,test,16,6692421,dominant_plus_15pp
S1-B,unique,test,17,6692422,dominant_plus_15pp
S1-B,unique,test,18,6692423,dominant_plus_15pp
S1-B,unique,test,19,6692424,dominant_plus_15pp
S1-B,unique,test,20,6692425,dominant_minus_15pp
S1-B,unique,test,21,6692426,dominant_minus_15pp
S1-B,unique,test,22,6692427,dominant_minus_15pp
S1-B,unique,test,23,6692428,dominant_minus_15pp
S1-B,unique,test,24,6692429,dominant_minus_15pp
S1-B,unique,test,25,6692430,dominant_minus_15pp
S1-B,unique,test,26,6692431,dominant_minus_15pp
S1-B,unique,test,27,6692432,dominant_minus_15pp
S1-B,unique,test,28,6692433,dominant_minus_15pp
S1-B,unique,test,29,6692434,dominant_minus_15pp
S1-B,non_unique,train,,3610000,fixed
S1-B,non_unique,validation,,3612000,fixed
S1-B,non_unique,test,0,4692405,nominal
S1-B,non_unique,test,1,4692406,nominal
S1-B,non_unique,test,2,4692407,nominal
S1-B,non_unique,test,3,4692408,nominal
S1-B,non_unique,test,4,4692409,nominal
S1-B,non_unique,test,5,4692410,nominal
S1-B,non_unique,test,6,4692411,nominal
S1-B,non_unique,test,7,4692412,nominal
S1-B,non_unique,test,8,4692413,nominal
S1-B,non_unique,test,9,4692414,nominal
S1-B,non_unique,test,10,4692415,dominant_plus_15pp
S1-B,non_unique,test,11,4692416,dominant_plus_15pp
S1-B,non_unique,test,12,4692417,dominant_plus_15pp
S1-B,non_unique,test,13,4692418,dominant_plus_15pp
S1-B,non_unique,test,14,4692419,dominant_plus_15pp
S1-B,non_unique,test,15,4692420,dominant_plus_15pp
S1-B,non_unique,test,16,4692421,dominant_plus_15pp
S1-B,non_unique,test,17,4692422,dominant_plus_15pp
S1-B,non_unique,test,18,4692423,dominant_plus_15pp
S1-B,non_unique,test,19,4692424,dominant_plus_15pp
S1-B,non_unique,test,20,4692425,dominant_minus_15pp
S1-B,non_unique,test,21,4692426,dominant_minus_15pp
S1-B,non_unique,test,22,4692427,dominant_minus_15pp
S1-B,non_unique,test,23,4692428,dominant_minus_15pp
S1-B,non_unique,test,24,4692429,dominant_minus_15pp
S1-B,non_unique,test,25,4692430,dominant_minus_15pp
S1-B,non_unique,test,26,4692431,dominant_minus_15pp
S1-B,non_unique,test,27,4692432,dominant_minus_15pp
S1-B,non_unique,test,28,4692433,dominant_minus_15pp
S1-B,non_unique,test,29,4692434,dominant_minus_15pp
S2-A,unique,train,,5620000,fixed
S2-A,unique,validation,,5622000,fixed
S2-A,unique,test,0,6699504,nominal
S2-A,unique,test,1,6699505,nominal
S2-A,unique,test,2,6699506,nominal
S2-A,unique,test,3,6699507,nominal
S2-A,unique,test,4,6699508,nominal
S2-A,unique,test,5,6699509,nominal
S2-A,unique,test,6,6699510,nominal
S2-A,unique,test,7,6699511,nominal
S2-A,unique,test,8,6699512,nominal
S2-A,unique,test,9,6699513,nominal
S2-A,unique,test,10,6699514,dominant_plus_15pp
S2-A,unique,test,11,6699515,dominant_plus_15pp
S2-A,unique,test,12,6699516,dominant_plus_15pp
S2-A,unique,test,13,6699517,dominant_plus_15pp
S2-A,unique,test,14,6699518,dominant_plus_15pp
S2-A,unique,test,15,6699519,dominant_plus_15pp
S2-A,unique,test,16,6699520,dominant_plus_15pp
S2-A,unique,test,17,6699521,dominant_plus_15pp
S2-A,unique,test,18,6699522,dominant_plus_15pp
S2-A,unique,test,19,6699523,dominant_plus_15pp
S2-A,unique,test,20,6699524,dominant_minus_15pp
S2-A,unique,test,21,6699525,dominant_minus_15pp
S2-A,unique,test,22,6699526,dominant_minus_15pp
S2-A,unique,test,23,6699527,dominant_minus_15pp
S2-A,unique,test,24,6699528,dominant_minus_15pp
S2-A,unique,test,25,6699529,dominant_minus_15pp
S2-A,unique,test,26,6699530,dominant_minus_15pp
S2-A,unique,test,27,6699531,dominant_minus_15pp
S2-A,unique,test,28,6699532,dominant_minus_15pp
S2-A,unique,test,29,6699533,dominant_minus_15pp
S2-A,non_unique,train,,3620000,fixed
S2-A,non_unique,validation,,3622000,fixed
S2-A,non_unique,test,0,4699504,nominal
S2-A,non_unique,test,1,4699505,nominal
S2-A,non_unique,test,2,4699506,nominal
S2-A,non_unique,test,3,4699507,nominal
S2-A,non_unique,test,4,4699508,nominal
S2-A,non_unique,test,5,4699509,nominal
S2-A,non_unique,test,6,4699510,nominal
S2-A,non_unique,test,7,4699511,nominal
S2-A,non_unique,test,8,4699512,nominal
S2-A,non_unique,test,9,4699513,nominal
S2-A,non_unique,test,10,4699514,dominant_plus_15pp
S2-A,non_unique,test,11,4699515,dominant_plus_15pp
S2-A,non_unique,test,12,4699516,dominant_plus_15pp
S2-A,non_unique,test,13,4699517,dominant_plus_15pp
S2-A,non_unique,test,14,4699518,dominant_plus_15pp
S2-A,non_unique,test,15,4699519,dominant_plus_15pp
S2-A,non_unique,test,16,4699520,dominant_plus_15pp
S2-A,non_unique,test,17,4699521,dominant_plus_15pp
S2-A,non_unique,test,18,4699522,dominant_plus_15pp
S2-A,non_unique,test,19,4699523,dominant_plus_15pp
S2-A,non_unique,test,20,4699524,dominant_minus_15pp
S2-A,non_unique,test,21,4699525,dominant_minus_15pp
S2-A,non_unique,test,22,4699526,dominant_minus_15pp
S2-A,non_unique,test,23,4699527,dominant_minus_15pp
S2-A,non_unique,test,24,4699528,dominant_minus_15pp
S2-A,non_unique,test,25,4699529,dominant_minus_15pp
S2-A,non_unique,test,26,4699530,dominant_minus_15pp
S2-A,non_unique,test,27,4699531,dominant_minus_15pp
S2-A,non_unique,test,28,4699532,dominant_minus_15pp
S2-A,non_unique,test,29,4699533,dominant_minus_15pp
S2-B,unique,train,,5630000,fixed
S2-B,unique,validation,,5632000,fixed
S2-B,unique,test,0,6678152,nominal
S2-B,unique,test,1,6678153,nominal
S2-B,unique,test,2,6678154,nominal
S2-B,unique,test,3,6678155,nominal
S2-B,unique,test,4,6678156,nominal
S2-B,unique,test,5,6678157,nominal
S2-B,unique,test,6,6678158,nominal
S2-B,unique,test,7,6678159,nominal
S2-B,unique,test,8,6678160,nominal
S2-B,unique,test,9,6678161,nominal
S2-B,unique,test,10,6678162,dominant_plus_15pp
S2-B,unique,test,11,6678163,dominant_plus_15pp
S2-B,unique,test,12,6678164,dominant_plus_15pp
S2-B,unique,test,13,6678165,dominant_plus_15pp
S2-B,unique,test,14,6678166,dominant_plus_15pp
S2-B,unique,test,15,6678167,dominant_plus_15pp
S2-B,unique,test,16,6678168,dominant_plus_15pp
S2-B,unique,test,17,6678169,dominant_plus_15pp
S2-B,unique,test,18,6678170,dominant_plus_15pp
S2-B,unique,test,19,6678171,dominant_plus_15pp
S2-B,unique,test,20,6678172,dominant_minus_15pp
S2-B,unique,test,21,6678173,dominant_minus_15pp
S2-B,unique,test,22,6678174,dominant_minus_15pp
S2-B,unique,test,23,6678175,dominant_minus_15pp
S2-B,unique,test,24,6678176,dominant_minus_15pp
S2-B,unique,test,25,6678177,dominant_minus_15pp
S2-B,unique,test,26,6678178,dominant_minus_15pp
S2-B,unique,test,27,6678179,dominant_minus_15pp
S2-B,unique,test,28,6678180,dominant_minus_15pp
S2-B,unique,test,29,6678181,dominant_minus_15pp
S2-B,non_unique,train,,3630000,fixed
S2-B,non_unique,validation,,3632000,fixed
S2-B,non_unique,test,0,4678152,nominal
S2-B,non_unique,test,1,4678153,nominal
S2-B,non_unique,test,2,4678154,nominal
S2-B,non_unique,test,3,4678155,nominal
S2-B,non_unique,test,4,4678156,nominal
S2-B,non_unique,test,5,4678157,nominal
S2-B,non_unique,test,6,4678158,nominal
S2-B,non_unique,test,7,4678159,nominal
S2-B,non_unique,test,8,4678160,nominal
S2-B,non_unique,test,9,4678161,nominal
S2-B,non_unique,test,10,4678162,dominant_plus_15pp
S2-B,non_unique,test,11,4678163,dominant_plus_15pp
S2-B,non_unique,test,12,4678164,dominant_plus_15pp
S2-B,non_unique,test,13,4678165,dominant_plus_15pp
S2-B,non_unique,test,14,4678166,dominant_plus_15pp
S2-B,non_unique,test,15,4678167,dominant_plus_15pp
S2-B,non_unique,test,16,4678168,dominant_plus_15pp
S2-B,non_unique,test,17,4678169,dominant_plus_15pp
S2-B,non_unique,test,18,4678170,dominant_plus_15pp
S2-B,non_unique,test,19,4678171,dominant_plus_15pp
S2-B,non_unique,test,20,4678172,dominant_minus_15pp
S2-B,non_unique,test,21,4678173,dominant_minus_15pp
S2-B,non_unique,test,22,4678174,dominant_minus_15pp
S2-B,non_unique,test,23,4678175,dominant_minus_15pp
S2-B,non_unique,test,24,4678176,dominant_minus_15pp
S2-B,non_unique,test,25,4678177,dominant_minus_15pp
S2-B,non_unique,test,26,4678178,dominant_minus_15pp
S2-B,non_unique,test,27,4678179,dominant_minus_15pp
S2-B,non_unique,test,28,4678180,dominant_minus_15pp
S2-B,non_unique,test,29,4678181,dominant_minus_15pp
S3-A,unique,train,,5640000,fixed
S3-A,unique,validation,,5642000,fixed
S3-A,unique,test,0,6639045,nominal
S3-A,unique,test,1,6639046,nominal
S3-A,unique,test,2,6639047,nominal
S3-A,unique,test,3,6639048,nominal
S3-A,unique,test,4,6639049,nominal
S3-A,unique,test,5,6639050,nominal
S3-A,unique,test,6,6639051,nominal
S3-A,unique,test,7,6639052,nominal
S3-A,unique,test,8,6639053,nominal
S3-A,unique,test,9,6639054,nominal
S3-A,unique,test,10,6639055,dominant_plus_15pp
S3-A,unique,test,11,6639056,dominant_plus_15pp
S3-A,unique,test,12,6639057,dominant_plus_15pp
S3-A,unique,test,13,6639058,dominant_plus_15pp
S3-A,unique,test,14,6639059,dominant_plus_15pp
S3-A,unique,test,15,6639060,dominant_plus_15pp
S3-A,unique,test,16,6639061,dominant_plus_15pp
S3-A,unique,test,17,6639062,dominant_plus_15pp
S3-A,unique,test,18,6639063,dominant_plus_15pp
S3-A,unique,test,19,6639064,dominant_plus_15pp
S3-A,unique,test,20,6639065,dominant_minus_15pp
S3-A,unique,test,21,6639066,dominant_minus_15pp
S3-A,unique,test,22,6639067,dominant_minus_15pp
S3-A,unique,test,23,6639068,dominant_minus_15pp
S3-A,unique,test,24,6639069,dominant_minus_15pp
S3-A,unique,test,25,6639070,dominant_minus_15pp
S3-A,unique,test,26,6639071,dominant_minus_15pp
S3-A,unique,test,27,6639072,dominant_minus_15pp
S3-A,unique,test,28,6639073,dominant_minus_15pp
S3-A,unique,test,29,6639074,dominant_minus_15pp
S3-A,non_unique,train,,3640000,fixed
S3-A,non_unique,validation,,3642000,fixed
S3-A,non_unique,test,0,4639045,nominal
S3-A,non_unique,test,1,4639046,nominal
S3-A,non_unique,test,2,4639047,nominal
S3-A,non_unique,test,3,4639048,nominal
S3-A,non_unique,test,4,4639049,nominal
S3-A,non_unique,test,5,4639050,nominal
S3-A,non_unique,test,6,4639051,nominal
S3-A,non_unique,test,7,4639052,nominal
S3-A,non_unique,test,8,4639053,nominal
S3-A,non_unique,test,9,4639054,nominal
S3-A,non_unique,test,10,4639055,dominant_plus_15pp
S3-A,non_unique,test,11,4639056,dominant_plus_15pp
S3-A,non_unique,test,12,4639057,dominant_plus_15pp
S3-A,non_unique,test,13,4639058,dominant_plus_15pp
S3-A,non_unique,test,14,4639059,dominant_plus_15pp
S3-A,non_unique,test,15,4639060,dominant_plus_15pp
S3-A,non_unique,test,16,4639061,dominant_plus_15pp
S3-A,non_unique,test,17,4639062,dominant_plus_15pp
S3-A,non_unique,test,18,4639063,dominant_plus_15pp
S3-A,non_unique,test,19,4639064,dominant_plus_15pp
S3-A,non_unique,test,20,4639065,dominant_minus_15pp
S3-A,non_unique,test,21,4639066,dominant_minus_15pp
S3-A,non_unique,test,22,4639067,dominant_minus_15pp
S3-A,non_unique,test,23,4639068,dominant_minus_15pp
S3-A,non_unique,test,24,4639069,dominant_minus_15pp
S3-A,non_unique,test,25,4639070,dominant_minus_15pp
S3-A,non_unique,test,26,4639071,dominant_minus_15pp
S3-A,non_unique,test,27,4639072,dominant_minus_15pp
S3-A,non_unique,test,28,4639073,dominant_minus_15pp
S3-A,non_unique,test,29,4639074,dominant_minus_15pp
S3-B,unique,train,,5650000,fixed
S3-B,unique,validation,,5652000,fixed
S3-B,unique,test,0,6692942,nominal
S3-B,unique,test,1,6692943,nominal
S3-B,unique,test,2,6692944,nominal
S3-B,unique,test,3,6692945,nominal
S3-B,unique,test,4,6692946,nominal
S3-B,unique,test,5,6692947,nominal
S3-B,unique,test,6,6692948,nominal
S3-B,unique,test,7,6692949,nominal
S3-B,unique,test,8,6692950,nominal
S3-B,unique,test,9,6692951,nominal
S3-B,unique,test,10,6692952,dominant_plus_15pp
S3-B,unique,test,11,6692953,dominant_plus_15pp
S3-B,unique,test,12,6692954,dominant_plus_15pp
S3-B,unique,test,13,6692955,dominant_plus_15pp
S3-B,unique,test,14,6692956,dominant_plus_15pp
S3-B,unique,test,15,6692957,dominant_plus_15pp
S3-B,unique,test,16,6692958,dominant_plus_15pp
S3-B,unique,test,17,6692959,dominant_plus_15pp
S3-B,unique,test,18,6692960,dominant_plus_15pp
S3-B,unique,test,19,6692961,dominant_plus_15pp
S3-B,unique,test,20,6692962,dominant_minus_15pp
S3-B,unique,test,21,6692963,dominant_minus_15pp
S3-B,unique,test,22,6692964,dominant_minus_15pp
S3-B,unique,test,23,6692965,dominant_minus_15pp
S3-B,unique,test,24,6692966,dominant_minus_15pp
S3-B,unique,test,25,6692967,dominant_minus_15pp
S3-B,unique,test,26,6692968,dominant_minus_15pp
S3-B,unique,test,27,6692969,dominant_minus_15pp
S3-B,unique,test,28,6692970,dominant_minus_15pp
S3-B,unique,test,29,6692971,dominant_minus_15pp
S3-B,non_unique,train,,3650000,fixed
S3-B,non_unique,validation,,3652000,fixed
S3-B,non_unique,test,0,4692942,nominal
S3-B,non_unique,test,1,4692943,nominal
S3-B,non_unique,test,2,4692944,nominal
S3-B,non_unique,test,3,4692945,nominal
S3-B,non_unique,test,4,4692946,nominal
S3-B,non_unique,test,5,4692947,nominal
S3-B,non_unique,test,6,4692948,nominal
S3-B,non_unique,test,7,4692949,nominal
S3-B,non_unique,test,8,4692950,nominal
S3-B,non_unique,test,9,4692951,nominal
S3-B,non_unique,test,10,4692952,dominant_plus_15pp
S3-B,non_unique,test,11,4692953,dominant_plus_15pp
S3-B,non_unique,test,12,4692954,dominant_plus_15pp
S3-B,non_unique,test,13,4692955,dominant_plus_15pp
S3-B,non_unique,test,14,4692956,dominant_plus_15pp
S3-B,non_unique,test,15,4692957,dominant_plus_15pp
S3-B,non_unique,test,16,4692958,dominant_plus_15pp
S3-B,non_unique,test,17,4692959,dominant_plus_15pp
S3-B,non_unique,test,18,4692960,dominant_plus_15pp
S3-B,non_unique,test,19,4692961,dominant_plus_15pp
S3-B,non_unique,test,20,4692962,dominant_minus_15pp
S3-B,non_unique,test,21,4692963,dominant_minus_15pp
S3-B,non_unique,test,22,4692964,dominant_minus_15pp
S3-B,non_unique,test,23,4692965,dominant_minus_15pp
S3-B,non_unique,test,24,4692966,dominant_minus_15pp
S3-B,non_unique,test,25,4692967,dominant_minus_15pp
S3-B,non_unique,test,26,4692968,dominant_minus_15pp
S3-B,non_unique,test,27,4692969,dominant_minus_15pp
S3-B,non_unique,test,28,4692970,dominant_minus_15pp
S3-B,non_unique,test,29,4692971,dominant_minus_15pp
S4-A,unique,train,,5660000,fixed
S4-A,unique,validation,,5662000,fixed
S4-A,unique,test,0,6655942,nominal
S4-A,unique,test,1,6655943,nominal
S4-A,unique,test,2,6655944,nominal
S4-A,unique,test,3,6655945,nominal
S4-A,unique,test,4,6655946,nominal
S4-A,unique,test,5,6655947,nominal
S4-A,unique,test,6,6655948,nominal
S4-A,unique,test,7,6655949,nominal
S4-A,unique,test,8,6655950,nominal
S4-A,unique,test,9,6655951,nominal
S4-A,unique,test,10,6655952,dominant_plus_15pp
S4-A,unique,test,11,6655953,dominant_plus_15pp
S4-A,unique,test,12,6655954,dominant_plus_15pp
S4-A,unique,test,13,6655955,dominant_plus_15pp
S4-A,unique,test,14,6655956,dominant_plus_15pp
S4-A,unique,test,15,6655957,dominant_plus_15pp
S4-A,unique,test,16,6655958,dominant_plus_15pp
S4-A,unique,test,17,6655959,dominant_plus_15pp
S4-A,unique,test,18,6655960,dominant_plus_15pp
S4-A,unique,test,19,6655961,dominant_plus_15pp
S4-A,unique,test,20,6655962,dominant_minus_15pp
S4-A,unique,test,21,6655963,dominant_minus_15pp
S4-A,unique,test,22,6655964,dominant_minus_15pp
S4-A,unique,test,23,6655965,dominant_minus_15pp
S4-A,unique,test,24,6655966,dominant_minus_15pp
S4-A,unique,test,25,6655967,dominant_minus_15pp
S4-A,unique,test,26,6655968,dominant_minus_15pp
S4-A,unique,test,27,6655969,dominant_minus_15pp
S4-A,unique,test,28,6655970,dominant_minus_15pp
S4-A,unique,test,29,6655971,dominant_minus_15pp
S4-A,non_unique,train,,3660000,fixed
S4-A,non_unique,validation,,3662000,fixed
S4-A,non_unique,test,0,4655942,nominal
S4-A,non_unique,test,1,4655943,nominal
S4-A,non_unique,test,2,4655944,nominal
S4-A,non_unique,test,3,4655945,nominal
S4-A,non_unique,test,4,4655946,nominal
S4-A,non_unique,test,5,4655947,nominal
S4-A,non_unique,test,6,4655948,nominal
S4-A,non_unique,test,7,4655949,nominal
S4-A,non_unique,test,8,4655950,nominal
S4-A,non_unique,test,9,4655951,nominal
S4-A,non_unique,test,10,4655952,dominant_plus_15pp
S4-A,non_unique,test,11,4655953,dominant_plus_15pp
S4-A,non_unique,test,12,4655954,dominant_plus_15pp
S4-A,non_unique,test,13,4655955,dominant_plus_15pp
S4-A,non_unique,test,14,4655956,dominant_plus_15pp
S4-A,non_unique,test,15,4655957,dominant_plus_15pp
S4-A,non_unique,test,16,4655958,dominant_plus_15pp
S4-A,non_unique,test,17,4655959,dominant_plus_15pp
S4-A,non_unique,test,18,4655960,dominant_plus_15pp
S4-A,non_unique,test,19,4655961,dominant_plus_15pp
S4-A,non_unique,test,20,4655962,dominant_minus_15pp
S4-A,non_unique,test,21,4655963,dominant_minus_15pp
S4-A,non_unique,test,22,4655964,dominant_minus_15pp
S4-A,non_unique,test,23,4655965,dominant_minus_15pp
S4-A,non_unique,test,24,4655966,dominant_minus_15pp
S4-A,non_unique,test,25,4655967,dominant_minus_15pp
S4-A,non_unique,test,26,4655968,dominant_minus_15pp
S4-A,non_unique,test,27,4655969,dominant_minus_15pp
S4-A,non_unique,test,28,4655970,dominant_minus_15pp
S4-A,non_unique,test,29,4655971,dominant_minus_15pp
S4-B,unique,train,,5670000,fixed
S4-B,unique,validation,,5672000,fixed
S4-B,unique,test,0,6676323,nominal
S4-B,unique,test,1,6676324,nominal
S4-B,unique,test,2,6676325,nominal
S4-B,unique,test,3,6676326,nominal
S4-B,unique,test,4,6676327,nominal
S4-B,unique,test,5,6676328,nominal
S4-B,unique,test,6,6676329,nominal
S4-B,unique,test,7,6676330,nominal
S4-B,unique,test,8,6676331,nominal
S4-B,unique,test,9,6676332,nominal
S4-B,unique,test,10,6676333,dominant_plus_15pp
S4-B,unique,test,11,6676334,dominant_plus_15pp
S4-B,unique,test,12,6676335,dominant_plus_15pp
S4-B,unique,test,13,6676336,dominant_plus_15pp
S4-B,unique,test,14,6676337,dominant_plus_15pp
S4-B,unique,test,15,6676338,dominant_plus_15pp
S4-B,unique,test,16,6676339,dominant_plus_15pp
S4-B,unique,test,17,6676340,dominant_plus_15pp
S4-B,unique,test,18,6676341,dominant_plus_15pp
S4-B,unique,test,19,6676342,dominant_plus_15pp
S4-B,unique,test,20,6676343,dominant_minus_15pp
S4-B,unique,test,21,6676344,dominant_minus_15pp
S4-B,unique,test,22,6676345,dominant_minus_15pp
S4-B,unique,test,23,6676346,dominant_minus_15pp
S4-B,unique,test,24,6676347,dominant_minus_15pp
S4-B,unique,test,25,6676348,dominant_minus_15pp
S4-B,unique,test,26,6676349,dominant_minus_15pp
S4-B,unique,test,27,6676350,dominant_minus_15pp
S4-B,unique,test,28,6676351,dominant_minus_15pp
S4-B,unique,test,29,6676352,dominant_minus_15pp
S4-B,non_unique,train,,3670000,fixed
S4-B,non_unique,validation,,3672000,fixed
S4-B,non_unique,test,0,4676323,nominal
S4-B,non_unique,test,1,4676324,nominal
S4-B,non_unique,test,2,4676325,nominal
S4-B,non_unique,test,3,4676326,nominal
S4-B,non_unique,test,4,4676327,nominal
S4-B,non_unique,test,5,4676328,nominal
S4-B,non_unique,test,6,4676329,nominal
S4-B,non_unique,test,7,4676330,nominal
S4-B,non_unique,test,8,4676331,nominal
S4-B,non_unique,test,9,4676332,nominal
S4-B,non_unique,test,10,4676333,dominant_plus_15pp
S4-B,non_unique,test,11,4676334,dominant_plus_15pp
S4-B,non_unique,test,12,4676335,dominant_plus_15pp
S4-B,non_unique,test,13,4676336,dominant_plus_15pp
S4-B,non_unique,test,14,4676337,dominant_plus_15pp
S4-B,non_unique,test,15,4676338,dominant_plus_15pp
S4-B,non_unique,test,16,4676339,dominant_plus_15pp
S4-B,non_unique,test,17,4676340,dominant_plus_15pp
S4-B,non_unique,test,18,4676341,dominant_plus_15pp
S4-B,non_unique,test,19,4676342,dominant_plus_15pp
S4-B,non_unique,test,20,4676343,dominant_minus_15pp
S4-B,non_unique,test,21,4676344,dominant_minus_15pp
S4-B,non_unique,test,22,4676345,dominant_minus_15pp
S4-B,non_unique,test,23,4676346,dominant_minus_15pp
S4-B,non_unique,test,24,4676347,dominant_minus_15pp
S4-B,non_unique,test,25,4676348,dominant_minus_15pp
S4-B,non_unique,test,26,4676349,dominant_minus_15pp
S4-B,non_unique,test,27,4676350,dominant_minus_15pp
S4-B,non_unique,test,28,4676351,dominant_minus_15pp
S4-B,non_unique,test,29,4676352,dominant_minus_15pp
S5-A,unique,train,,5680000,fixed
S5-A,unique,validation,,5682000,fixed
S5-A,unique,test,0,6621945,nominal
S5-A,unique,test,1,6621946,nominal
S5-A,unique,test,2,6621947,nominal
S5-A,unique,test,3,6621948,nominal
S5-A,unique,test,4,6621949,nominal
S5-A,unique,test,5,6621950,nominal
S5-A,unique,test,6,6621951,nominal
S5-A,unique,test,7,6621952,nominal
S5-A,unique,test,8,6621953,nominal
S5-A,unique,test,9,6621954,nominal
S5-A,unique,test,10,6621955,dominant_plus_15pp
S5-A,unique,test,11,6621956,dominant_plus_15pp
S5-A,unique,test,12,6621957,dominant_plus_15pp
S5-A,unique,test,13,6621958,dominant_plus_15pp
S5-A,unique,test,14,6621959,dominant_plus_15pp
S5-A,unique,test,15,6621960,dominant_plus_15pp
S5-A,unique,test,16,6621961,dominant_plus_15pp
S5-A,unique,test,17,6621962,dominant_plus_15pp
S5-A,unique,test,18,6621963,dominant_plus_15pp
S5-A,unique,test,19,6621964,dominant_plus_15pp
S5-A,unique,test,20,6621965,dominant_minus_15pp
S5-A,unique,test,21,6621966,dominant_minus_15pp
S5-A,unique,test,22,6621967,dominant_minus_15pp
S5-A,unique,test,23,6621968,dominant_minus_15pp
S5-A,unique,test,24,6621969,dominant_minus_15pp
S5-A,unique,test,25,6621970,dominant_minus_15pp
S5-A,unique,test,26,6621971,dominant_minus_15pp
S5-A,unique,test,27,6621972,dominant_minus_15pp
S5-A,unique,test,28,6621973,dominant_minus_15pp
S5-A,unique,test,29,6621974,dominant_minus_15pp
S5-A,non_unique,train,,3680000,fixed
S5-A,non_unique,validation,,3682000,fixed
S5-A,non_unique,test,0,4621945,nominal
S5-A,non_unique,test,1,4621946,nominal
S5-A,non_unique,test,2,4621947,nominal
S5-A,non_unique,test,3,4621948,nominal
S5-A,non_unique,test,4,4621949,nominal
S5-A,non_unique,test,5,4621950,nominal
S5-A,non_unique,test,6,4621951,nominal
S5-A,non_unique,test,7,4621952,nominal
S5-A,non_unique,test,8,4621953,nominal
S5-A,non_unique,test,9,4621954,nominal
S5-A,non_unique,test,10,4621955,dominant_plus_15pp
S5-A,non_unique,test,11,4621956,dominant_plus_15pp
S5-A,non_unique,test,12,4621957,dominant_plus_15pp
S5-A,non_unique,test,13,4621958,dominant_plus_15pp
S5-A,non_unique,test,14,4621959,dominant_plus_15pp
S5-A,non_unique,test,15,4621960,dominant_plus_15pp
S5-A,non_unique,test,16,4621961,dominant_plus_15pp
S5-A,non_unique,test,17,4621962,dominant_plus_15pp
S5-A,non_unique,test,18,4621963,dominant_plus_15pp
S5-A,non_unique,test,19,4621964,dominant_plus_15pp
S5-A,non_unique,test,20,4621965,dominant_minus_15pp
S5-A,non_unique,test,21,4621966,dominant_minus_15pp
S5-A,non_unique,test,22,4621967,dominant_minus_15pp
S5-A,non_unique,test,23,4621968,dominant_minus_15pp
S5-A,non_unique,test,24,4621969,dominant_minus_15pp
S5-A,non_unique,test,25,4621970,dominant_minus_15pp
S5-A,non_unique,test,26,4621971,dominant_minus_15pp
S5-A,non_unique,test,27,4621972,dominant_minus_15pp
S5-A,non_unique,test,28,4621973,dominant_minus_15pp
S5-A,non_unique,test,29,4621974,dominant_minus_15pp
S5-B,unique,train,,5690000,fixed
S5-B,unique,validation,,5692000,fixed
S5-B,unique,test,0,6689632,nominal
S5-B,unique,test,1,6689633,nominal
S5-B,unique,test,2,6689634,nominal
S5-B,unique,test,3,6689635,nominal
S5-B,unique,test,4,6689636,nominal
S5-B,unique,test,5,6689637,nominal
S5-B,unique,test,6,6689638,nominal
S5-B,unique,test,7,6689639,nominal
S5-B,unique,test,8,6689640,nominal
S5-B,unique,test,9,6689641,nominal
S5-B,unique,test,10,6689642,dominant_plus_15pp
S5-B,unique,test,11,6689643,dominant_plus_15pp
S5-B,unique,test,12,6689644,dominant_plus_15pp
S5-B,unique,test,13,6689645,dominant_plus_15pp
S5-B,unique,test,14,6689646,dominant_plus_15pp
S5-B,unique,test,15,6689647,dominant_plus_15pp
S5-B,unique,test,16,6689648,dominant_plus_15pp
S5-B,unique,test,17,6689649,dominant_plus_15pp
S5-B,unique,test,18,6689650,dominant_plus_15pp
S5-B,unique,test,19,6689651,dominant_plus_15pp
S5-B,unique,test,20,6689652,dominant_minus_15pp
S5-B,unique,test,21,6689653,dominant_minus_15pp
S5-B,unique,test,22,6689654,dominant_minus_15pp
S5-B,unique,test,23,6689655,dominant_minus_15pp
S5-B,unique,test,24,6689656,dominant_minus_15pp
S5-B,unique,test,25,6689657,dominant_minus_15pp
S5-B,unique,test,26,6689658,dominant_minus_15pp
S5-B,unique,test,27,6689659,dominant_minus_15pp
S5-B,unique,test,28,6689660,dominant_minus_15pp
S5-B,unique,test,29,6689661,dominant_minus_15pp
S5-B,non_unique,train,,3690000,fixed
S5-B,non_unique,validation,,3692000,fixed
S5-B,non_unique,test,0,4689632,nominal
S5-B,non_unique,test,1,4689633,nominal
S5-B,non_unique,test,2,4689634,nominal
S5-B,non_unique,test,3,4689635,nominal
S5-B,non_unique,test,4,4689636,nominal
S5-B,non_unique,test,5,4689637,nominal
S5-B,non_unique,test,6,4689638,nominal
S5-B,non_unique,test,7,4689639,nominal
S5-B,non_unique,test,8,4689640,nominal
S5-B,non_unique,test,9,4689641,nominal
S5-B,non_unique,test,10,4689642,dominant_plus_15pp
S5-B,non_unique,test,11,4689643,dominant_plus_15pp
S5-B,non_unique,test,12,4689644,dominant_plus_15pp
S5-B,non_unique,test,13,4689645,dominant_plus_15pp
S5-B,non_unique,test,14,4689646,dominant_plus_15pp
S5-B,non_unique,test,15,4689647,dominant_plus_15pp
S5-B,non_unique,test,16,4689648,dominant_plus_15pp
S5-B,non_unique,test,17,4689649,dominant_plus_15pp
S5-B,non_unique,test,18,4689650,dominant_plus_15pp
S5-B,non_unique,test,19,4689651,dominant_plus_15pp
S5-B,non_unique,test,20,4689652,dominant_minus_15pp
S5-B,non_unique,test,21,4689653,dominant_minus_15pp
S5-B,non_unique,test,22,4689654,dominant_minus_15pp
S5-B,non_unique,test,23,4689655,dominant_minus_15pp
S5-B,non_unique,test,24,4689656,dominant_minus_15pp
S5-B,non_unique,test,25,4689657,dominant_minus_15pp
S5-B,non_unique,test,26,4689658,dominant_minus_15pp
S5-B,non_unique,test,27,4689659,dominant_minus_15pp
S5-B,non_unique,test,28,4689660,dominant_minus_15pp
S5-B,non_unique,test,29,4689661,dominant_minus_15pp
S5-C,unique,train,,5700000,fixed
S5-C,unique,validation,,5702000,fixed
S5-C,unique,test,0,6697256,nominal
S5-C,unique,test,1,6697257,nominal
S5-C,unique,test,2,6697258,nominal
S5-C,unique,test,3,6697259,nominal
S5-C,unique,test,4,6697260,nominal
S5-C,unique,test,5,6697261,nominal
S5-C,unique,test,6,6697262,nominal
S5-C,unique,test,7,6697263,nominal
S5-C,unique,test,8,6697264,nominal
S5-C,unique,test,9,6697265,nominal
S5-C,unique,test,10,6697266,dominant_plus_15pp
S5-C,unique,test,11,6697267,dominant_plus_15pp
S5-C,unique,test,12,6697268,dominant_plus_15pp
S5-C,unique,test,13,6697269,dominant_plus_15pp
S5-C,unique,test,14,6697270,dominant_plus_15pp
S5-C,unique,test,15,6697271,dominant_plus_15pp
S5-C,unique,test,16,6697272,dominant_plus_15pp
S5-C,unique,test,17,6697273,dominant_plus_15pp
S5-C,unique,test,18,6697274,dominant_plus_15pp
S5-C,unique,test,19,6697275,dominant_plus_15pp
S5-C,unique,test,20,6697276,dominant_minus_15pp
S5-C,unique,test,21,6697277,dominant_minus_15pp
S5-C,unique,test,22,6697278,dominant_minus_15pp
S5-C,unique,test,23,6697279,dominant_minus_15pp
S5-C,unique,test,24,6697280,dominant_minus_15pp
S5-C,unique,test,25,6697281,dominant_minus_15pp
S5-C,unique,test,26,6697282,dominant_minus_15pp
S5-C,unique,test,27,6697283,dominant_minus_15pp
S5-C,unique,test,28,6697284,dominant_minus_15pp
S5-C,unique,test,29,6697285,dominant_minus_15pp
S5-C,non_unique,train,,3700000,fixed
S5-C,non_unique,validation,,3702000,fixed
S5-C,non_unique,test,0,4697256,nominal
S5-C,non_unique,test,1,4697257,nominal
S5-C,non_unique,test,2,4697258,nominal
S5-C,non_unique,test,3,4697259,nominal
S5-C,non_unique,test,4,4697260,nominal
S5-C,non_unique,test,5,4697261,nominal
S5-C,non_unique,test,6,4697262,nominal
S5-C,non_unique,test,7,4697263,nominal
S5-C,non_unique,test,8,4697264,nominal
S5-C,non_unique,test,9,4697265,nominal
S5-C,non_unique,test,10,4697266,dominant_plus_15pp
S5-C,non_unique,test,11,4697267,dominant_plus_15pp
S5-C,non_unique,test,12,4697268,dominant_plus_15pp
S5-C,non_unique,test,13,4697269,dominant_plus_15pp
S5-C,non_unique,test,14,4697270,dominant_plus_15pp
S5-C,non_unique,test,15,4697271,dominant_plus_15pp
S5-C,non_unique,test,16,4697272,dominant_plus_15pp
S5-C,non_unique,test,17,4697273,dominant_plus_15pp
S5-C,non_unique,test,18,4697274,dominant_plus_15pp
S5-C,non_unique,test,19,4697275,dominant_plus_15pp
S5-C,non_unique,test,20,4697276,dominant_minus_15pp
S5-C,non_unique,test,21,4697277,dominant_minus_15pp
S5-C,non_unique,test,22,4697278,dominant_minus_15pp
S5-C,non_unique,test,23,4697279,dominant_minus_15pp
S5-C,non_unique,test,24,4697280,dominant_minus_15pp
S5-C,non_unique,test,25,4697281,dominant_minus_15pp
S5-C,non_unique,test,26,4697282,dominant_minus_15pp
S5-C,non_unique,test,27,4697283,dominant_minus_15pp
S5-C,non_unique,test,28,4697284,dominant_minus_15pp
S5-C,non_unique,test,29,4697285,dominant_minus_15pp
S6-A,unique,train,,5710000,fixed
S6-A,unique,validation,,5712000,fixed
S6-A,unique,test,0,6675093,nominal
S6-A,unique,test,1,6675094,nominal
S6-A,unique,test,2,6675095,nominal
S6-A,unique,test,3,6675096,nominal
S6-A,unique,test,4,6675097,nominal
S6-A,unique,test,5,6675098,nominal
S6-A,unique,test,6,6675099,nominal
S6-A,unique,test,7,6675100,nominal
S6-A,unique,test,8,6675101,nominal
S6-A,unique,test,9,6675102,nominal
S6-A,unique,test,10,6675103,dominant_plus_15pp
S6-A,unique,test,11,6675104,dominant_plus_15pp
S6-A,unique,test,12,6675105,dominant_plus_15pp
S6-A,unique,test,13,6675106,dominant_plus_15pp
S6-A,unique,test,14,6675107,dominant_plus_15pp
S6-A,unique,test,15,6675108,dominant_plus_15pp
S6-A,unique,test,16,6675109,dominant_plus_15pp
S6-A,unique,test,17,6675110,dominant_plus_15pp
S6-A,unique,test,18,6675111,dominant_plus_15pp
S6-A,unique,test,19,6675112,dominant_plus_15pp
S6-A,unique,test,20,6675113,dominant_minus_15pp
S6-A,unique,test,21,6675114,dominant_minus_15pp
S6-A,unique,test,22,6675115,dominant_minus_15pp
S6-A,unique,test,23,6675116,dominant_minus_15pp
S6-A,unique,test,24,6675117,dominant_minus_15pp
S6-A,unique,test,25,6675118,dominant_minus_15pp
S6-A,unique,test,26,6675119,dominant_minus_15pp
S6-A,unique,test,27,6675120,dominant_minus_15pp
S6-A,unique,test,28,6675121,dominant_minus_15pp
S6-A,unique,test,29,6675122,dominant_minus_15pp
S6-A,non_unique,train,,3710000,fixed
S6-A,non_unique,validation,,3712000,fixed
S6-A,non_unique,test,0,4675093,nominal
S6-A,non_unique,test,1,4675094,nominal
S6-A,non_unique,test,2,4675095,nominal
S6-A,non_unique,test,3,4675096,nominal
S6-A,non_unique,test,4,4675097,nominal
S6-A,non_unique,test,5,4675098,nominal
S6-A,non_unique,test,6,4675099,nominal
S6-A,non_unique,test,7,4675100,nominal
S6-A,non_unique,test,8,4675101,nominal
S6-A,non_unique,test,9,4675102,nominal
S6-A,non_unique,test,10,4675103,dominant_plus_15pp
S6-A,non_unique,test,11,4675104,dominant_plus_15pp
S6-A,non_unique,test,12,4675105,dominant_plus_15pp
S6-A,non_unique,test,13,4675106,dominant_plus_15pp
S6-A,non_unique,test,14,4675107,dominant_plus_15pp
S6-A,non_unique,test,15,4675108,dominant_plus_15pp
S6-A,non_unique,test,16,4675109,dominant_plus_15pp
S6-A,non_unique,test,17,4675110,dominant_plus_15pp
S6-A,non_unique,test,18,4675111,dominant_plus_15pp
S6-A,non_unique,test,19,4675112,dominant_plus_15pp
S6-A,non_unique,test,20,4675113,dominant_minus_15pp
S6-A,non_unique,test,21,4675114,dominant_minus_15pp
S6-A,non_unique,test,22,4675115,dominant_minus_15pp
S6-A,non_unique,test,23,4675116,dominant_minus_15pp
S6-A,non_unique,test,24,4675117,dominant_minus_15pp
S6-A,non_unique,test,25,4675118,dominant_minus_15pp
S6-A,non_unique,test,26,4675119,dominant_minus_15pp
S6-A,non_unique,test,27,4675120,dominant_minus_15pp
S6-A,non_unique,test,28,4675121,dominant_minus_15pp
S6-A,non_unique,test,29,4675122,dominant_minus_15pp
S6-B,unique,train,,5720000,fixed
S6-B,unique,validation,,5722000,fixed
S6-B,unique,test,0,6645607,nominal
S6-B,unique,test,1,6645608,nominal
S6-B,unique,test,2,6645609,nominal
S6-B,unique,test,3,6645610,nominal
S6-B,unique,test,4,6645611,nominal
S6-B,unique,test,5,6645612,nominal
S6-B,unique,test,6,6645613,nominal
S6-B,unique,test,7,6645614,nominal
S6-B,unique,test,8,6645615,nominal
S6-B,unique,test,9,6645616,nominal
S6-B,unique,test,10,6645617,dominant_plus_15pp
S6-B,unique,test,11,6645618,dominant_plus_15pp
S6-B,unique,test,12,6645619,dominant_plus_15pp
S6-B,unique,test,13,6645620,dominant_plus_15pp
S6-B,unique,test,14,6645621,dominant_plus_15pp
S6-B,unique,test,15,6645622,dominant_plus_15pp
S6-B,unique,test,16,6645623,dominant_plus_15pp
S6-B,unique,test,17,6645624,dominant_plus_15pp
S6-B,unique,test,18,6645625,dominant_plus_15pp
S6-B,unique,test,19,6645626,dominant_plus_15pp
S6-B,unique,test,20,6645627,dominant_minus_15pp
S6-B,unique,test,21,6645628,dominant_minus_15pp
S6-B,unique,test,22,6645629,dominant_minus_15pp
S6-B,unique,test,23,6645630,dominant_minus_15pp
S6-B,unique,test,24,6645631,dominant_minus_15pp
S6-B,unique,test,25,6645632,dominant_minus_15pp
S6-B,unique,test,26,6645633,dominant_minus_15pp
S6-B,unique,test,27,6645634,dominant_minus_15pp
S6-B,unique,test,28,6645635,dominant_minus_15pp
S6-B,unique,test,29,6645636,dominant_minus_15pp
S6-B,non_unique,train,,3720000,fixed
S6-B,non_unique,validation,,3722000,fixed
S6-B,non_unique,test,0,4645607,nominal
S6-B,non_unique,test,1,4645608,nominal
S6-B,non_unique,test,2,4645609,nominal
S6-B,non_unique,test,3,4645610,nominal
S6-B,non_unique,test,4,4645611,nominal
S6-B,non_unique,test,5,4645612,nominal
S6-B,non_unique,test,6,4645613,nominal
S6-B,non_unique,test,7,4645614,nominal
S6-B,non_unique,test,8,4645615,nominal
S6-B,non_unique,test,9,4645616,nominal
S6-B,non_unique,test,10,4645617,dominant_plus_15pp
S6-B,non_unique,test,11,4645618,dominant_plus_15pp
S6-B,non_unique,test,12,4645619,dominant_plus_15pp
S6-B,non_unique,test,13,4645620,dominant_plus_15pp
S6-B,non_unique,test,14,4645621,dominant_plus_15pp
S6-B,non_unique,test,15,4645622,dominant_plus_15pp
S6-B,non_unique,test,16,4645623,dominant_plus_15pp
S6-B,non_unique,test,17,4645624,dominant_plus_15pp
S6-B,non_unique,test,18,4645625,dominant_plus_15pp
S6-B,non_unique,test,19,4645626,dominant_plus_15pp
S6-B,non_unique,test,20,4645627,dominant_minus_15pp
S6-B,non_unique,test,21,4645628,dominant_minus_15pp
S6-B,non_unique,test,22,4645629,dominant_minus_15pp
S6-B,non_unique,test,23,4645630,dominant_minus_15pp
S6-B,non_unique,test,24,4645631,dominant_minus_15pp
S6-B,non_unique,test,25,4645632,dominant_minus_15pp
S6-B,non_unique,test,26,4645633,dominant_minus_15pp
S6-B,non_unique,test,27,4645634,dominant_minus_15pp
S6-B,non_unique,test,28,4645635,dominant_minus_15pp
S6-B,non_unique,test,29,4645636,dominant_minus_15pp
S6-C,unique,train,,5730000,fixed
S6-C,unique,validation,,5732000,fixed
S6-C,unique,test,0,6641334,nominal
S6-C,unique,test,1,6641335,nominal
S6-C,unique,test,2,6641336,nominal
S6-C,unique,test,3,6641337,nominal
S6-C,unique,test,4,6641338,nominal
S6-C,unique,test,5,6641339,nominal
S6-C,unique,test,6,6641340,nominal
S6-C,unique,test,7,6641341,nominal
S6-C,unique,test,8,6641342,nominal
S6-C,unique,test,9,6641343,nominal
S6-C,unique,test,10,6641344,dominant_plus_15pp
S6-C,unique,test,11,6641345,dominant_plus_15pp
S6-C,unique,test,12,6641346,dominant_plus_15pp
S6-C,unique,test,13,6641347,dominant_plus_15pp
S6-C,unique,test,14,6641348,dominant_plus_15pp
S6-C,unique,test,15,6641349,dominant_plus_15pp
S6-C,unique,test,16,6641350,dominant_plus_15pp
S6-C,unique,test,17,6641351,dominant_plus_15pp
S6-C,unique,test,18,6641352,dominant_plus_15pp
S6-C,unique,test,19,6641353,dominant_plus_15pp
S6-C,unique,test,20,6641354,dominant_minus_15pp
S6-C,unique,test,21,6641355,dominant_minus_15pp
S6-C,unique,test,22,6641356,dominant_minus_15pp
S6-C,unique,test,23,6641357,dominant_minus_15pp
S6-C,unique,test,24,6641358,dominant_minus_15pp
S6-C,unique,test,25,6641359,dominant_minus_15pp
S6-C,unique,test,26,6641360,dominant_minus_15pp
S6-C,unique,test,27,6641361,dominant_minus_15pp
S6-C,unique,test,28,6641362,dominant_minus_15pp
S6-C,unique,test,29,6641363,dominant_minus_15pp
S6-C,non_unique,train,,3730000,fixed
S6-C,non_unique,validation,,3732000,fixed
S6-C,non_unique,test,0,4641334,nominal
S6-C,non_unique,test,1,4641335,nominal
S6-C,non_unique,test,2,4641336,nominal
S6-C,non_unique,test,3,4641337,nominal
S6-C,non_unique,test,4,4641338,nominal
S6-C,non_unique,test,5,4641339,nominal
S6-C,non_unique,test,6,4641340,nominal
S6-C,non_unique,test,7,4641341,nominal
S6-C,non_unique,test,8,4641342,nominal
S6-C,non_unique,test,9,4641343,nominal
S6-C,non_unique,test,10,4641344,dominant_plus_15pp
S6-C,non_unique,test,11,4641345,dominant_plus_15pp
S6-C,non_unique,test,12,4641346,dominant_plus_15pp
S6-C,non_unique,test,13,4641347,dominant_plus_15pp
S6-C,non_unique,test,14,4641348,dominant_plus_15pp
S6-C,non_unique,test,15,4641349,dominant_plus_15pp
S6-C,non_unique,test,16,4641350,dominant_plus_15pp
S6-C,non_unique,test,17,4641351,dominant_plus_15pp
S6-C,non_unique,test,18,4641352,dominant_plus_15pp
S6-C,non_unique,test,19,4641353,dominant_plus_15pp
S6-C,non_unique,test,20,4641354,dominant_minus_15pp
S6-C,non_unique,test,21,4641355,dominant_minus_15pp
S6-C,non_unique,test,22,4641356,dominant_minus_15pp
S6-C,non_unique,test,23,4641357,dominant_minus_15pp
S6-C,non_unique,test,24,4641358,dominant_minus_15pp
S6-C,non_unique,test,25,4641359,dominant_minus_15pp
S6-C,non_unique,test,26,4641360,dominant_minus_15pp
S6-C,non_unique,test,27,4641361,dominant_minus_15pp
S6-C,non_unique,test,28,4641362,dominant_minus_15pp
S6-C,non_unique,test,29,4641363,dominant_minus_15pp
